{
    "uvs": [],
    "normals": [0.833094,0.430738,0.346904,0.703421,-0.641041,0.306986,0.478225,-0.74929,-0.458022,-0.014771,-0.99295,0.117374,0.211798,-0.71804,-0.662984,0.527665,-0.722343,-0.446913,-0.023682,-0.999573,-0.015839,0.572466,-0.694174,-0.436293,0.55504,-0.674459,-0.486801,0.050752,0.685476,0.72631,-0.002899,-0.717917,0.696066,-0.00351,-0.669454,0.742821,-0.022065,-0.999573,0.017731,0.048891,0.998718,0.011292,0.517014,0.710013,-0.478072,0.026856,0.98468,-0.172124,0.133976,0.71041,0.690878,0.691641,0.624104,-0.363445,0.588855,0.729911,-0.346995,0.218604,0.556841,-0.801324,0.457747,0.625385,-0.631916,-0.478225,-0.74929,-0.458022,-0.703421,-0.641041,0.306986,-0.833094,0.430738,0.346904,-0.519913,-0.726066,-0.449965,-0.271828,-0.708731,-0.65096,-0.025819,-0.993255,0.112888,0.022675,-0.999634,-0.013276,-0.5103,-0.731223,-0.45262,-0.55504,-0.674459,-0.486801,-0.15183,0.698386,0.699393,0.003662,-0.670431,0.741935,-0.00061,-0.695059,0.718925,-0.573321,-0.692434,-0.437941,-0.050996,0.998627,0.011292,-0.014588,0.994598,-0.102573,0.013367,0.984893,-0.172521,-0.691641,0.624104,-0.363445,-0.588855,0.729911,-0.346995,-0.518418,0.708914,-0.478133,-0.220038,0.583514,-0.781701,-0.461654,0.620533,-0.633839,-0.023103,-0.999512,0.019623,-0.029633,0.999542,0.00412,0.030946,0.679006,0.733451,0.058565,0.992767,-0.104648,-0.025697,-0.999664,0,-0.023499,-0.999695,0,-0.657155,0.659932,-0.364147,-0.178625,0.983886,0.000214,0.086093,-0.996246,-0.005493,0.657155,0.659932,-0.364147,0.16538,0.986114,0.013215,-0.083926,-0.996429,-0.005493,0.5103,-0.731223,-0.45262,0.090854,0.995727,0.015015],
    "materials": [{
        "colorDiffuse": [0.365855,0.343504,0.367239],
        "shading": "lambert",
        "opacity": 1,
        "depthWrite": true,
        "DbgName": "Material",
        "transparent": false,
        "visible": true,
        "colorAmbient": [0.365855,0.343504,0.367239],
        "colorEmissive": [0,0,0],
        "depthTest": true,
        "DbgColor": 15658734,
        "DbgIndex": 0,
        "wireframe": false,
        "blending": "NormalBlending"
    },{
        "colorDiffuse": [0.029413,0.407724,0.8],
        "shading": "lambert",
        "opacity": 1,
        "depthWrite": true,
        "DbgName": "Material.001",
        "transparent": false,
        "visible": true,
        "colorAmbient": [0.029413,0.407724,0.8],
        "colorEmissive": [0.014118,0.195708,0.384],
        "depthTest": true,
        "DbgColor": 15597568,
        "DbgIndex": 1,
        "wireframe": false,
        "blending": "NormalBlending"
    }],
    "metadata": {
        "version": 3,
        "uvs": 0,
        "faces": 108,
        "vertices": 56,
        "normals": 56,
        "type": "Geometry",
        "generator": "io_three",
        "materials": 2
    },
    "faces": [34,11,9,52,0,0,1,2,34,1,12,13,0,3,4,5,34,35,2,8,0,6,7,8,34,4,0,3,1,9,10,11,34,33,1,2,0,12,3,7,34,34,6,5,0,13,14,15,34,3,9,11,0,11,1,0,34,7,11,46,0,16,0,17,34,6,10,8,0,14,18,8,34,14,15,13,0,19,20,5,34,2,13,15,0,7,5,20,34,5,6,15,0,15,14,20,34,55,25,27,0,21,22,23,34,29,28,17,0,24,25,26,34,41,43,24,0,27,28,29,34,23,19,16,1,30,31,32,34,41,18,17,0,27,33,26,34,40,38,21,0,34,35,36,34,27,25,19,0,23,22,31,34,49,27,23,0,37,23,30,34,24,26,22,0,29,38,39,34,30,28,29,0,40,25,24,34,31,29,18,0,41,24,33,34,21,30,31,0,36,40,41,34,33,39,17,0,12,42,26,34,1,17,28,0,3,26,25,34,28,30,14,0,25,40,19,34,30,21,5,0,40,36,15,34,53,20,4,0,43,44,9,34,4,20,16,1,9,44,32,34,21,38,32,0,36,35,45,34,44,47,39,0,46,47,42,34,26,42,40,0,38,48,34,34,48,53,38,0,49,43,35,34,54,41,39,0,50,27,42,34,54,55,43,0,50,21,28,34,24,43,42,0,29,28,48,34,34,36,10,0,13,51,18,34,45,34,32,0,52,13,45,34,33,35,51,0,12,6,53,34,51,35,37,0,53,6,54,34,36,37,8,0,51,54,8,34,3,51,52,0,11,53,2,34,44,51,3,0,46,53,11,34,45,50,4,0,52,55,9,34,19,25,55,0,31,22,21,34,19,54,47,0,31,50,47,34,23,20,53,0,30,44,43,34,0,16,47,0,10,32,47,34,38,53,50,0,35,43,55,34,42,49,48,0,48,37,49,34,43,55,49,0,28,21,37,34,45,46,36,0,52,17,51,34,46,52,37,0,17,2,54,34,46,11,52,0,17,0,2,34,2,1,13,0,7,3,5,34,37,35,8,0,54,6,8,34,7,4,3,1,16,9,11,34,35,33,2,0,6,12,7,34,32,34,5,0,45,13,15,34,7,3,11,0,16,11,0,34,45,7,46,0,52,16,17,34,2,6,8,0,7,14,8,34,12,14,13,0,4,19,5,34,6,2,15,0,14,7,20,34,14,5,15,0,19,15,20,34,49,55,27,0,37,21,23,34,18,29,17,0,33,24,26,34,18,41,24,0,33,27,29,34,20,23,16,1,44,30,32,34,39,41,17,0,42,27,26,34,22,40,21,0,39,34,36,34,23,27,19,0,30,23,31,34,48,49,23,0,49,37,30,34,18,24,22,0,33,29,39,34,31,30,29,0,41,40,24,34,22,31,18,0,39,41,33,34,22,21,31,0,39,36,41,34,1,33,17,0,3,12,26,34,12,1,28,0,4,3,25,34,12,28,14,0,4,25,19,34,14,30,5,0,19,40,15,34,50,53,4,0,55,43,9,34,0,4,16,1,10,9,32,34,5,21,32,0,15,36,45,34,33,44,39,0,12,46,42,34,22,26,40,0,39,38,34,34,40,48,38,0,34,49,35,34,47,54,39,0,47,50,42,34,41,54,43,0,27,50,28,34,26,24,42,0,38,29,48,34,6,34,10,0,14,13,18,34,50,45,32,0,55,52,45,34,44,33,51,0,46,12,53,34,52,51,37,0,2,53,54,34,10,36,8,0,18,51,8,34,9,3,52,0,1,11,2,34,0,44,3,0,10,46,11,34,7,45,4,0,16,52,9,34,54,19,55,0,50,31,21,34,16,19,47,0,32,31,47,34,48,23,53,0,49,30,43,34,44,0,47,0,46,10,47,34,32,38,50,0,45,35,55,34,40,42,48,0,34,48,49,34,42,43,49,0,48,28,37,34,34,45,36,0,13,52,51,34,36,46,37,0,51,17,54],
    "vertices": [0.0237,0.485514,1,0.0237,0.476009,-1,0.582589,0.485514,-1,0.582589,0.485514,1,0.0237,0.660647,1,0.0237,0.651141,-1,0.582589,0.660647,-1,0.582589,0.660647,1,0.733676,0.485514,-0.811191,1.90324,0.226962,0.811191,0.733676,0.660647,-0.811191,1.90324,0.29039,0.811191,0.0237,0.365965,-1.56498,0.188182,0.39094,-1.44938,0.0237,0.541097,-1.56498,0.188182,0.566073,-1.44938,-0.0237,0.487954,1.00219,-0.0237,0.478478,-0.997809,-0.582589,0.485514,-1,-0.582589,0.485514,1,-0.0237,0.663087,1.00219,-0.0237,0.65361,-0.997809,-0.582589,0.660647,-1,-0.582589,0.660647,1,-0.733676,0.485514,-0.811191,-1.90324,0.226962,0.811191,-0.733676,0.660647,-0.811191,-1.90324,0.29039,0.811191,-0.0237,0.368404,-1.56279,-0.188182,0.390671,-1.44938,-0.0237,0.543537,-1.56279,-0.188182,0.565804,-1.44938,0.0237,0.693171,-0.762905,0.0237,0.485514,-0.762905,0.582589,0.660647,-0.762905,0.582589,0.485514,-0.762905,0.872325,0.616754,-0.618862,0.872325,0.454863,-0.618862,-0.0237,0.695611,-0.760714,-0.0237,0.487954,-0.760714,-0.582589,0.660647,-0.762905,-0.582589,0.485514,-0.762905,-0.872325,0.616754,-0.618862,-0.872325,0.454863,-0.618862,0.0237,0.485514,0.08658,0.582589,0.660647,0.08658,1.36909,0.45949,0.070233,-0.0237,0.487954,0.08877,-0.582589,0.660647,0.08658,-1.36909,0.45949,0.070233,0.0237,0.733827,0.08658,0.582589,0.485514,0.08658,1.36909,0.345045,0.070233,-0.0237,0.736267,0.08877,-0.582589,0.485514,0.08658,-1.36909,0.345045,0.070233],
    "name": "Cube.001Geometry.1"
}